,tweet,label
0,loku u navela ku tissunga tissungue,0
1,aha auxeni ti nguavani,0
2,hahahahaha ih tipo arrombaram o nhoster  ,0
3,hiiiii ni livrarih ,0
4,oh hosi yanga ,0
5,eeeeh a nsati lwei a banana maj,0
6,mu nga ni landzi na loya,0
7,a ta ti nhela,0
8,wa ni danissa  ,0
9,u gama u kuma  valores ,0
10,ihhhhhhhhhhh a chirami ka lomuu,0
11,ento ungah ni trapalhari wena pah,0
12,hahahah swa nsila s  ,0
13,famba ni ma range ya wena ,0
14,a xilungu xakarata ,0
15,famba ti gumula hi parede,0
16,u bihile demais lokhu ulangunta hansi a xikwembo swo kubha i mazwidji ,0
17,yuh mam a ni ku lavi mina,0
18,i tinholuene a xwi dari ,0
19,wa hlanha lweyi,0
20,ki est a criar um vuku vuku grande sabe,0
21,messi wa nhine ,0
22,hosi yanga ,0
23,uta ni dhlaya,0
24,xitomb xa wuako ,0
25,ih ni livrari yu ,0
26,ho hi danissa wena wananga ,0
27,wuaa swa ma supera patrick ani tendere,0
28,hi tafa hi ndlala,0
29,namuntlha nada baiye a xirhame ci demanji,0
30,suka xtapora niti dlela male ya mina  toh ta falar noh ti dlela male yah mina ,0
31,hambi uku nh  um dia uta sunguna ku phuza na mesma,0
32,swi mbeni mas vale u mielaaaaaaaa,0
33,famba uya ti fassa ,0
34,pimissa nhana u tsika madururo,0
35,barcelona  loko ni file mungane rilane,0
36,swa yentxeka no t nada nice ,0
37,hahahahaha hadjakufa lweyi  provocar overdose isso  ,0
38,swimbenhane wa dja ku ni hembissa ja ,0
39,aha swa mbangue tsala swi mbeni hloko ya pao,0
40,nawene tem que o tsika madururo u pimissa nhana,0
41,ova na vuntswaka lowa nhloko,0
42,yuh v djula ku ih hlongola ka tiku ledzi ih dhlawileh ,0
43,u ku um dois u mu ba ka xifuva a fa inah swa djuleka ,0
44,hosi yanga  ,0
45,wali wa dula  ,0
46,unga hi nhenhentsi wena,0
47,a nguenile matilwene,0
48,ikhali mina ni zunga waku djokuni tolovela  sg,0
49,vha ta dlaya,0
50,swa kharata mpela khambi funtsi a ih swi tsiki ,0
51,u la kuta ka mina ungati na usiku u zama zama kuni phazamisa  u la ku nivuyisela a gono ni meticali,0
52,a xizame da kwapa mesmo ,0
53,mas khasi a u teke nsati hi maka muni,0
54,famba ti kundza invejosa  ,0
55,ceh ina ka i para hi ku yini ,0
56,ka hissa kola missavene ,0
57,hi maka ruy ,0
58,swimbenhane vata hi rhivalela mas ava futseke,0
59,uku ni dzo ,0
60,hi ku pfinha va hi sola,0
61,why uni lembrara lexwu  wena wa kazata,0
62,va khu ndzaveta u va khuma la ,0
63,ani madururu npfana lweyi,0
64,a xwi chegui ka  ,0
65,yu  tindzava  tsika mbangui mpfana e nita ku desprogramara,0
66,himpela wo nhimela nkama wa ko u fika yena a poronto ni mu fundile bem mas wa karhata nhana,0
67,famba u ya ti gunha hi parede,0
68,swa mbangue ni ma cigarri  ,0
69,u tsama u ui vona a mbongolo yi nga xidjana  ih leyi lani  ,0
70,tili luweme nase a mulungu otisunga,0
71,unga ni lhanhele mina,0
72,a xizame xo kwapa hi,0
73,hi ta hambana hi ma central   ,0
74,afinal fere a vista  ni dzivaleli a ni nga swi tivi ,0
75,uta kuma timaka hi maka ma brincadeira,0
76,wena uni ntxumo uxi mahaka ni guele ingui u bom pra puto puto mas haaaaa,0
77,wenna  hu ta ni txanissa ih voz man ,0
78,va mu tlelile pah  tlelaaa,0
79,misava yi bihile ihhhh ,0
80,tiva hini hi khu fassa  ,0
81,hi dlawile  ,0
82,kasse mamana ya wena ii herioa,0
83,himakha mune lesho em moz seria ku ba mpama mina durante,0
84,u la ku nitxintxa my baby u la ku nitxintxa my baby,0
85,nitaku panhula hi xinwui xa tiro,0
86,unga ni lheki,0
87,mina ningue fambi hi lane,0
88,a xizami ehhh ,0
89,na unitiva tem opium ,0
90,wa nsila lweyii  damnnnnnnn,0
91,senhora atirha hospital privado lani a humaka kona vatwa hiyena vana vayena angava pfumeli vatlanga na vana vanwani   ,0
92,u ta swi vona ,0
93,pfutseka para ti que ttaste,0
94,heee  ha ni wa lewso mina ,0
95,wa vizinhouuu nikonbela ko loyiwaaaa ,0
96,nitaku panhula ih xinwe xa tiro ,0
97,nako male ya mu phuntissa ,0
98,depois saem hi matalane vha buya vhata yih hlupa,0
99,swi mbeni e m vagwi ya m like,0
100,vamos demostrar solidariedade masculina a xi pfutseki ,0
101,manhokonhoko tsem   swa ti mbangue ni ma cigarri leswoooo lol just jkn ,0
102,vataku yivissa mova mamanou owooooooh wa tlanga wena keep tlanguing uta dzila ,0
103,unga lhai lava v lhayaka swaku kuni ma gerador nem a v kutive albasine cola ka maputsu ambi bobole loko kungana placa ava ku tive ja v tiva ma gerador ya tiko hewenou hambe male kona ma gerador a mana gasolina pru falta ya oramento,0
104,a vhula vhula ngopfu problema,0
105,a biwile hi xoque mano mone txiii ,0
106,nitaku panhula hi xikwe xa tiro l  ,0
107,hambi honi nhenha kassi wani nhenha wayi uni nhenha  mavelevele hustler ,0
108,haaaaaaaaaaaa wa hemba ,0
109,xitombo xa zaida,0
110,ya pokehh o xpantuu llzz,0
111,aweh a tihlu  ,0
112,xa gwirha hiiiii a xi vojani ,0
113,ahu xitwi xizami pap ,0
114,conforme muswivonaka va timile maguezi khanimambo edm,0
115,hi honili ini j ,0
116,colisena  awe xitombo xa mwako uly istrato xanhine wako lexy,0
117,cada porcaria hosi yanga,0
118,edjoo fria ta kwapar,0
119,a u tivi ntxumu,0
120,para depois anga nandzike leswo swa ma foto hum ,0
121,fui dar uma chance a sushi swani luma ndzene,0
122,himina muyivi wa botija  ,0
123,manter estrada que estamos a pagar munga hilhupi,0
124,ka hissa lah kah maputso,0
125,marido aps ter pedido ch h uma hora ser que ni ta kweva a chana namutla esposa u ta kweva boy alis boss marido hi mani boy esposa ni phazamile hi wena boss assim estamos na esquadra ,0
126,ku gama ku humelela mabandido  ,0
127,swi tivissi swi biya kkkk,0
128,wa loya ,0
129,porras ya swi t gama hi merda,0
130,bom rapper a gama ku biwa ,0
131,x lava kunha s mara wa xi lumbeta,0
132,fotos do idai tsika ku hi hembela ,0
133,ku biya kwaku,0
134,nem  wow kasi a ni ya kwini,0
135,matximba yaku ingui swa mahala  ,0
136,wa biwa wene,0
137,he ningoss ani voni ku biha loku hiya hala ka twitter na whtspp mara ka facebook swibihini niri khombomunimozambique,0
138,hiiiiiiii wa ni xicha ,0
139,hawena hinga ni tsika pah ,0
140,epa a swi dare,0
141,utwa mbangui wena ,0
142,ina ku jika jika ntsena,0
143,ni ta ku ronha gotwana ,0
144,ni khome buti ,0
145,sister lowi hikuya himina angatekiwange end ana vana vanarho va papa vo habana end angangeni kereka nabiya wa phuza,0
146,a vavasati ya tswira a tibi bem hi nhloko ,0
147,rixile vha haxi leswi ningakaswona namuntlha swivhavha ngopfo  aswihambananga no bhukela a t v yokala yinga vulavuli ka xiphemu lexo sungula nita muvhona kola ka twiter   ,0
148,tivha yini hi paixao wenaa ,0
149,oh ok x niku txiketile,0
150,wa gwira weni pa,0
151,va xisati hi kotala avana sapoti wansati hambi loko ari president u tsaka hi kuxaveliwa vatlela vadiziwa niri la moz,0
152,edm djoh wa hi danissa,0
153,wa famba o duwuliwa,0
154,famba txuta hahaha ,0
155,minga valavuli hi  mbilu ya mina ya vava vahaxi,0
156,ihhhhh ih ih ih um perigoso awenaaaaaa,0
157,wena awu ni tendere nkata ,0
158,fissekane ni barcelona yenu  hallamadid ,0
159,wa loya wene  hi tsiki,0
160,sangula ku switwa ti vutisa ku va ngave va endle yin xakahle namuthla,0
161,niva vonili lavaka mhani ku va xongile swinene ndlela ya xai xai na yona ya penga na leswa maphorisa loko swiku yimisa swo tirha ro no problem the problem is coca cola ,0
162,aweennn ka hissah nem haku sebaa doze,0
163,ih piki sixti i dii nirmil ftsekeee maluuuuco,0
164,nada a swi twsisiseke ,0
165,tsek wena satan,0
166,wa yitiva  wena kumbe hota mbangui loko yi nhiwe himbutina we    ,0
167,yeahfamba a la mierda ,0
168,dadinhaz around tha world hani tsikka ka maputo afamba a tshama london,0
169,a mbangui mu dzahaka yowe yowe,0
170,ni caralile boy,0
171,xitombo xa ngwako ,0
172,uwani me chamou de marandza ih,0
173,futseka wena famba ti ginha hi xpinhosa ,0
174,ni ta rendera,0
175,aah futsek wena ,0
176,xitombo xa nhomphi  ,0
177,xitombo xa wanku,0
178,a va vassati va loya,0
179,futseka wena eh ,0
180,amitxino ya barhule yifambisana nitisimu ta yenaiswo rhuketela hikwaswo     ,0
181,wa hlanya wena kea bona ,0
182,admitam mu vha yive nwine,0
183,fisseke wena pah ,0
184,sabedorialocal leswi munga ka swona swi fana ni kuya rhinga nyanga kumbe ya tirha ti vonele ngozi madala ndota dlviomachava,0
185,wa hi hemba mane ,0
186,maputo ka hisa sorry la,0
187,hahahah u ta rendera,0
188,essa noite  swa hila,0
189,loku u gwuira ni ta ku tsika  ,0
190,loku u dlhawa hi precoce  ,0
191,aaaaassh wena mani ,0
192,rt  obama ce u dakwile ,0
193,niku zw tititi a ni ngueni mina  ,0
194,lolgtgt shii manooslowly wa biwa,0
195,sono u kwini,0
196,ya mas iiiih nada ,0
197,mhunti ya mona  sowetoem casa chokwe ,0
198,va tsike bai ,0
199,utah ni dlaya salubri ,0
200,va delela ntlha,0
201,kasi swa vava ku tsikiwa   cidade de chokwe ,0
202,uni txova yini ,0
203,high dj himi kuma kahle hirila mozambique ka khubu hi   i adolfo mimbire ka khubu,0
204,hi nga ribali futhi na mhaka leya ku dlaya vanhu va ti albino,0
205,swa vavissa vakithi ho ondza na vo kuluka,0
206,topic i vona hiku na loku mihlangana anipfuxeliwi niblockiwa ka ti social ntwrk,0
207,acula ai  aquilo ali mawaku  wa hi danissa juro,0
208,grdio paaahpastorpastor dza ku hini a hi sizi mani  ,0
209,hhw boti unga vileli xikwembu xita hlayisa sesi vana mbilo ya sathana,0
210,mma ih prigozo manji ,0
211,u tadla biloko ,0
212,munganu leswi swa lhanhelana bha  upimissa swaku o miss universo loku upfuka yuuu uli hansi,0
213,futsek wena eh ,0
214,ahahahahahaha wahidanissaa nsia d doh ih xixa hahahahhaha,0
215,a loko niko hi matilho lo bindzaminengue wo tiya,0
216,hahahaha futseka wena,0
217,utafa u siya ulombe himaka tinhama ,0
218,loku ungali wa mina swa yaswa ussussa mbilo ya mina,0
219,fvck u pha,0
220,eish vo ni kama ca chapa,0
221,hahahahaha yu yu yu yu wa hi danissa ,0
222,tsika ku hanha hutomi dza vamwanhane ,0
223,xtombo xa ngwako oskhan test us pap dont play like that ,0
224,ho va nhenhentsa,0
225,angihambi nawe wathi ngimubi wena,0
226,hhw sesi famba uya vonana na papa face to face uhlamusela mhaka ya wena papa va rhelela moya,0
227,famba ti nhela nilza  eh eh eh,0
228,ali exageram ih,0
229,ubhema ama drugs wena ,0
230,uni endla yini hivu nanga mani nile xokwe dstv   ,0
231,wa pupuruka wena,0
232,hunga kwati vavito  ni dzivalele ,0
233,nikombela ku etlhela ,0
234,f u pah ,0
235,mu randza xwa mahala ,0
236,mina vhahaxi nipfukile ni ndlhua ni teka amungano wamina hitaya ntirweni nimukeme iwa hayo lelheeeeeeeatwa axirhami katitimela la magude     ,0
237,auditoria wa matximba,0
238,namina aniswi tivi swaku president mbalula di endle yini,0
239,famba ti kundza ,0
240,na mina nile ku yingiseleni ka nongonoko lowu wo xonga swonghasi nirila mozambique ka khubu njhe      ,0
241,ubakka va ta zwa ku vava,0
242,a loko wa nuna a baleca wa nsati nambe hele bonita xicona xicona lexi xi balequisaca lueyi wa papa,0
243,wena u txela mate,0
244,hahaha ka dlala ,0
245,kalhe kalhe loko mahari kona nwina akutlelekiaku humekiaku fambekiaku tirheki aku endleki ntxumu loko nwina mahari la yotsama hi yingisela muze mufamba,0
246,heeee wenna ni tsiki,0
247,u kundzekiwile bai,0
248,eh eh eh ni livrari ,0
249,ntaku greeka wena,0
250,se buti brian nwana wa hale ka hina u kahle ngopfu ka ku khenya xi portuguese ,0
251,edj  aloko niku amp ni biwa hi zululuane ,0
252,famba te kundza pah hahahahahahahahah ,0
253,rixile he skhokho mina niku kuma hi app yinwani hambi leswi yi pfaku yi tsema tsema nina nwina nirila mozambique ka ncaincai hi ntirho ,0
254,a nuna wa wena i malandro,0
255,fambane mi te kundza nwine ok  estudos swa kho vha hambi ka kehele dza mani ,0
256,nheeee ni tsike ,0
257,deve nikuh loya xa loya,0
258,uh dzah ih mbangue mr virgil ,0
259,swa fana hi tafa ,0
260,wa biwa lwei,0
261,uni txova yini gt  moneycomio hiphopmoz,0
262,hahahahahaha faxavor ya  dont  ,0
263,khasi u djulaa niku hini mamanee,0
264,kassi wa tsonana ,0
265,agana tigana lweyi wa mamane a tiya aya kuma nhimbou agama a swi teka a swivanani a swi peta derenajii ,0
266,mas ni yetxi yini  unga ni loyissi,0
267,hahahahah futseka wena ,0
268,topic uvona hiku loku hi hlangana anipfuxeliwi and ni bockiwa ka ti social ntwrk,0
269,muhaxi mbilo yamina ya vava hi chiefseshh niri khombomunimozambique ,0
270,hahahahhahahahahhaa txoka wena,0
271,ni nga dlawi  ,0
272,timaka ku famba ngofo  hi nhimile kola maracuene  maracuene ,0
273,utd wa biwaa  ,0
274,swi dja kufembiwa  ,0
275,unga ni singuite ni mumu l,0
276,ni livrari txau,0
277,mom dii faz coisa xx eu busy cota mom futseka nkila waku o humi uxi nampfa lexi ja wa yala i love her,0
278,bwakakaka ni tsike ,0
279,uhum  evita ya ,0
280,wa biwa wened,0
281,ni kazalile phelassi,0
282,mwine mu t biwa j ma ni lhekissa ,0
283,morning swa mbangue,0
284,pfuxa  rafael ndlhovu ka mavodze  antoni nyathi la pitori  cuvuka valoyi ka xisungele i adolfo khosa la moz ka khubu,1
285,u womu sau,1
286,nina nwinaahi fambeni hita fika le ka hour  mutxayeri ifambisa kahle nongonoko mina ni tsame la back seat la a gwambeland intukulo wa gwambe na dzavale xihluke xa ngungunyane,1
287,ih kd hawena,1
288,ja wena stella,1
289,lo gaaaaaaa ni kume vanwani vantswa,1
290,gingirikani swiya hiko tembisana ka vona e ku sunguleni,1
291,aloku niku im         ya ba buluko,1
292,sala kata ha to,1
293,u ta djikimela dzi mu tsika ,1
294,loco vku nhika nikombela uni tlhamuxela bai namina ni djula fswolefswo,1
295,wasvivona svosvi kopfukiwa hikhanga hi svihlaya lesvi khaaale,1
296,eka  teka famba big ,1
297,kutta ka bacha ,1
298,help ka nhai mukomana,1
299,ni teka ni famba ou no d ko hala,1
300,obuti wa hao yena a reng,1
301,a xitilo xa bobi hi xi,1
302,vatlanga ha lona,1
303,kea tshosetsa mara o ke wena   ,1
304,swilo swa kona hi voice ya connizer,1
305,ku famba yin la africa do sul,1
306,yena a ya kwine ,1
307,wasvitiva a kutsala hixitsangana ,1
308,akuna xitombooo swaku thlanga ni mboloooo ,1
309,vhondwa djow xibhehe wa xi tiva,1
310,wa txintxa ,1
311,conforme me swi vhonaka isto requer uma conxienxia e idade elevada,1
312,kuna xukela la ka mina kuna xukelakuna xukela l ka mina kuna xukela ,1
313,vata i kuma ximuxueneee vaku magumba haleenooo,1
314,awena aku duumm amamela asvitwisisisa kahle ntiyiso linene ,1
315,na mukha ni ya kaya,1
316,conforme mo swi vonaka  ,1
317,conforme mu swi vonaka ,1
318,bwakakaka hi lhevana muito mal  ,1
319,va yi kwine a vangana va wena   vila olimpica do zimpeto ,1
320,niku vonile na nifamba hi movha ani jahile niku vone ka nkuna ka palmeri,1
321,a vasati laku tawas,1
322,mi svi vonaka,1
323,ani nhlaya leswi ni swi vonaku,1
324,a loko niku hiiin ,1
325,lano a moya wa paraia inkwawu hu fambela kolomo ento s podi u ti lunguissela bavou xi ta teka xi tereto,1
326,a macena m loukizzzy muzaia ,1
327,no mu txuvukissa lwehi wa papai ,1
328,varikufanirwa ku adviser ani,1
329,unga andlhali l bazara mintxumu ya caia ,1
330,todos escutamos mina ningu fambi yi l ,1
331,refiller boy hosi yamo ganga  ,1
332,pdi ni xava ndjaku kalhula a mintxumo ,1
333,va makwerhu a mungoyothaya em tomanineguij gaza moambique ,1
334,iii telivisor ya wena ya lego ,1
335,maji angana xi baciana lweiyo,1
336,mina ni pimisa ku tasi o desesperadocliente,1
337,u s  aqormv  ndlavela ,1
338,kasi mina se nilo onha yini ti tweets ta mina amihlayi vahaxi,1
339,kasse u txava hinni,1
340,vata rin ka wena,1
341,ni dzinginika na nsati wamina nthabiseng mashaba ka xokwe nwana mina inocente mathonsi na conny mathonsi ka xokwe  ,1
342,le wena wa ba zoza ,1
343,phula minegue ni diwa at ku huma ndzilo ,1
344,swa yantswa uti twisa hiku loku uta famba vata sala vati busa  cidade de chokwe ,1
345,ahi tivaneni mina ni leonildo wali chokwe wena ke   chokw ,1
346,wa kala babu,1
347,raha pfurha ka nsati wamina nthabiseng mashaba ka xokwe ,1
348,oww ok ih,1
349,ya ya ya  magoanine ,1
350,ka khulu lako swaswameta lo gaaaaa hi xikosi,1
351,mindzumba nina wena mais vehlo kuna moya nyana namuntla ,1
352,ku lhamba vavakulo,1
353,topic akuna ku hambana vahaxi na hlonge yinwani ntsena i respecthi bula navona ive hi share navona ka ti social,1
354,wakutiva amagude dj  akaya kaya ka mina,1
355,xa ku txukatxukanhana mas a keheleeeee  ,1
356,conforme mo swi vonaka ,1
357,taku endlela naha faka tinambara ta wena ka whatsapp leya xiputukezi,1
358,rixile he skhokho niku kuma kahle nirila ka ka ncai ncai e mozambique i adolfo mimbire la moz ka khubu,1
359,hiri ni nghena,1
360,hi ta ya ka wutomi ,1
361,sesi lindiva niku yingisela kusuka dorobeni ra chokwe mozambique kaya mbuya wayi tiva dstv kumbi wotwa  ,1
362,minjane vahaxi vhantokoto mina nipfukile nonyimela ankama waphaphama wu hela nita kota a kuya ntirwene hikuva akutireke loko kahana nwina vhahaxi     ,1
363,swili leswi u tivaka nguiza hina ku lava hi nyombela ,1
364,ali mina ni ,1
365,ni tsundzuka vicente sambo a putfontein police station  ka xingange nsati wamina nthabiseng mashaba ka xokwe ,1
366,ba teka teka teka hi mani mulato ba teka teka teka hi mani mulungo ba teka teka teka hi mani mbanyanga xilhaulamani,1
367,a xitiloo xa boby hiii nchine ,1
368,conforme mi swi vonaka,1
369,ahahahahaha ih ya ya ya ,1
370,wena kumele uhambiswe ,1
371,uh stivissa ku ine leswu ,1
372,makwenu wa wena,1
373,mozambique is burning tag nghena mintirho wa vulavula  chicualacuala district ,1
374,tavuya vahaxi mahaka matorokisi ni muyingisile niri kola akaya amagude mozambique  ,1
375,mabermuda matilhoxa wula wula  ,1
376,he  kombela ntirhu ta replace rendani ndou ani maphepha hungu yari iya ka pirates   ,1
377,estrela we u randza mane ku mina na yena,1
378,nimu yingisela nile ka xokwe mozambique dstv,1
379,uyaphi ku  nendoda ,1
380,mara dj wa marhandza mavhavha ,1
381,wa switiva papa,1
382,streaming  live ni ri kwala maputo bondia  amp ,1
383,pandzela ntsandza wa majaha nwana i tiva hi mutswari baji ra makhelwani wari ambala ritlhela ,1
384,ih rihanna djon  ,1
385,xitiloo xa djanine xitilo xa bobixine ahh yowee ,1
386,ningene na nwina eka  nili kwala mozambique ka macia hi xohondzo lexi    ,1
387,wa vurisa mfowethu ,1
388,niku khoma nile xokwe dstv,1
389,teka famba ou gina ,1
390,ya xigadzana ehh,1
391,li fana ni nhwungue vow ngo gzula lani mussavene,1
392,xanga xa malembe xita vamba xita buya ,1
393,acha tariqa hai rt lene ka,1
394,vo hi fridjela wenou vo hi komba fswaku a ndlela ya sathana ya tika ka hissa ala ansi j wena langa kumbe u lava kuhissa loko ou kumbe pradise,1
395,to twhii ni mikuma kahle nirila mozambique ka khubu adolfo corsa lweyitagxma,1
396,mi nga koloti munhu xanchumu loko ku nga ri ku rhandzana hikuva loyi a rhandzaka munhukulobye u wu hetisisile nawu  varhoma ,1
397,niku sw tititi  ,1
398,wandilahla hla wena shm,1
399,he mfoo wa xitwa xipapilani xa kokwani dala   ,1
400,swiyimbeleri ahi yeni  miva byela ku hina hi tiva ndlelasenya retla patela  mozambique ,1
401,namina ihm swa gamba ja na via,1
402,nidzumba nanwina ka mungana,1
403,ehhh yeweni lawa ku dog style ,1
404,nasty c ih ,1
405,famba moyeni bafanas ,1
406,xilo ndla yin ni kayerini,1
407,loko yi dyiwa jaaa,1
408,hai wena mun   ,1
409,niku khoma nile xokwe mozambique ,1
410,mina noh famba ,1
411,bona kuri wendle yini munu waxikwembu,1
412,kaya ka vo vovo nkanyini wa mgilo  magude ,1
413,round  ya  nili kwala a mozambique seni fikile a maputo    ,1
414,na vadwa ani sida a nina nuna nita feva ku kundza ka hissa ka titimela hissa ndzeni handle tilhanpfe,1
415,kama bill gates angekua ni nchi basi angekua ni nchi ya  kwa utajiri duniani elimikawikiendi,1
416,lol tavuya ka mana thembi hahahaha aku tleleki meu irmao    ,1
417,namuvona buti tlhoye lowo yingana wona loko yifika a jone yi hembela a swi ntombana yiku papa yona i mulungo i nwana mama loyi mhani wayona angadji dinner yingase vuya akaya ari aswielhe ningase vona boy boy wamina yirandza a music wa sjava ,1
418,mara dj unjani wena hiiii  ,1
419,swi txiki leswo os dois se txendam aqui,1
420,hayi ta humesa ta humesa ta humesa ta humesa masupa,2
421,wena na mina,2
422,hahahaha wena pa ,2
423,i luh ya papi,2
424,ni pfhukile ho ini kupfhuka,2
425,swa yantswa niva mbuya nita kuma ma regalias ,2
426,ni bom by noh dja djuala ntse,2
427,comekiee  ni speed cumbi sfwayantswa ,2
428,twana a marhito ya ntiyiso ,2
429,niku yingiseli niri ka xokwe mozambique  mindzumba,2
430,swa hini a ukanho dza bom,2
431,awenaaaah u mukulu  ,2
432,karingana wa karinganajos craveirinha,2
433,swi helile swa ma pank finish ,2
434,hi nkomu mo hini hi ku pfuka  ,2
435,na hina hi gud  nambi yi txonille hi rait  ,2
436,swa banana pah mas passamos na mesma,2
437,munhu wa mina ku saseka,2
438,swivula kurhi xithembiso xa vona axika hetisekanga hikuva a xihlangi hixona xi tiyisaka a varadzane aka rixaka hambi kurhi mungangeni akurhi adam siolhe la chibuto mozambique,2
439,teka famba papu,2
440,wena unga zuzumeli ni dzweli kumbe ni ta xava kwini a ma xiluva ntsem ,2
441,mina nipfukile mara anisya helo naha yimela axikongelo xa bava maleyane nitatua ku ku djiwa yini atihelene     ,2
442,a vavasati va ma mecha ugue v heti wena,2
443,xikwembo xanga haleluia hi cussa hina j ya buya,2
444,famba kerekene nhanyana ndizwena,2
445,swi swi swi swi swi swi swi swi       j namoras,2
446,malem ya ku tala ,2
447,auxene moh ini ku pfuka,2
448,wa swi tivela  ,2
449,nwana makhuvele mukonwana wa khosa ntukulu wa manyike feliz dia do pai mhunti ya mona  ,2
450,nina wena kola xokwe mozambique  nilo geeee dstv  yrs,2
451,hi pfukile wa matimba wahi londzovota,2
452,ukanga umakuma lawa ya raymond atakuvavisa madala,2
453,loko u va kuma va tlanga tlanga nawenawe loko u va kuma va tirha tirha nawenawe loku u va kuma va phusa u nga kalavalewi hi vanghano mani,2
454,namina one day vata ni posta va beka mbilu ,2
455,a ku xonga ,2
456,xi chonguile pah,2
457,u tsika mova kaya namunthla ,2
458,alberto machavele  rungulamp  rungula a maxaka manga kule ,2
459,siku dza mundzuku adzitiviwi hi munhu s swayampsa utidondzela weeena rosalinaaaa oua rosalina de keyce no soundcloud ,2
460,epah yah afinal acontece la  dzukuta para aqui dzukuta para ali  ,2
461,s vha ni vitile niya ti dakwela nitsama hansi ni da nhama ni tlhela ni phuza ni va nhenhentsa ,2
462,wena no ku randza hi ku pimissa,2
463,auxeni mho wine ku phuka,2
464,tem ni dondza primeiro para ni khanela,2
465,hinkhomo mo yini hi ku pfuka ,2
466,wena a ni ngue ku hi hloko ni ngo ku yentxa nkatanga ni ku phamela liradzu siku ni siku ,2
467,dzi xile na voz de kanye west,2
468,madala lweyi namufeva wativa stereka,2
469,nikubula rosinha wa mina,2
470,auxeni hoyini ku pfuka,2
471,ya mapfilwa  assim mesmo,2
472,a gwala a dri yelhi namuntlha noh sindrissa,2
473,a mbilo yanga cho ba,2
474,ku saseka naku faneriwa swa wena keep it up,2
475,i ckali nitlanga hi tinamba,2
476,outros  yaba buluku  outras  la kamina kuna txukela  eu  nolavha ku phuza nifamba ,2
477,wene u ximate xa boene  ,2
478,hosi xikwembo xanga mamba yanga mamba yanga hi yamukeli ,2
479,ku laveca mali a ku laveke ntizo laku sasseka  ,2
480,ya ba buluku tsokaaaa ,2
481,i fanela hiku rhandza kereke naku faya miti ya vanhu,2
482,nwana mutxangane i mutxangane em praia do bilene ,2
483,a matapa na marandza na marandza ,2
484,lwandlexiluva ingoma ya ku saseka ,2
485,messi  xipoko a taku dhlaya iku bela bem ,2
486,rixile vayakelany tasmani kurhula a sonto,2
487,a i landzi ti dhlela,2
488,ina mas wa ma navela,2
489,nita txintxa brada,2
490,a mathapa na ma randza ,2
491,ni vhona bem,2
492,ani gwenti hi ngoma ya luwei wah nwanhana  ,2
493,auxeni va jessica ni va jessico,2
494,kassi hi wena lolita ,2
495,hi va khale ka mungangu lowo  ,2
496,hini ya tsutsuma bai heeee malembe ni malembe ka mugango lowo,2
497,loku u khaya nkakau tlanga hii posio ,2
498,edjoh a gaju yini vhoku pah ,2
499,phaphamanamunghana  na xipano xa phaphama inkomu swinene ahitireni hita hola male yosaseka siku ra kahle na kava engiserhi ixigwambana egwambeland,2
500,a lirandzu la patima,2
501,u ta mu vona lu lala nyana x ku vi a d ti nga txayi  ,2
502,ni lavha ku hanha na yena mina ningue fambi hi lane ,2
503,swi nga va njhn loko mo xavisa paper ra far post every week hita sapota nwana mhani,2
504,u zandza swilu,2
505,hi ta humula guwa,2
506,makwezu niko kombelela ka xikwembu a minkateko ni hinkwafswo fi ku fanelaka ti male ma gudi laifi ni mintirho yo tala parabenja  ,2
507,mom of kids mamana wa vanana,2
508,ndlela yi rhandza mehe,2
509,joyous celebration  hi hanya mahala ,2
510,hina hi hanya mahala ka jesu ,2
511,a gwala hi phuzile ,2
512,siku dza namuhla dzi kathekil ,2
513,wa hemba heineken e txilar aqui ,2
514,damn na nadzika yaay,2
515,desafiodedezdias siku dza wu muni  ,2
516,hiya tlhava mavacina hooo ka docodela ,2
517,a mavele ya ku tsamisseka ,2
518,valeu meu cota a niku hi yessu hi kakunene ,2
519,hlula mine u hlula tingonyamo u ta teka tiko i dzaco,2
520,ohhh hosy yanga dzi xurisse hi moya waku dzi tiya dlhelene yaku  saudades,2
521,a xitombo xa nandzika,2
522,aloku niku im         ya ba buluko ,2
523,buya u teka ma kona hi stock,2
524,ungalaxlhi davhuku wawena davhuku wa wena hivhutomi bom dia  javanhane guij gaza ,2
525,se yaba buluku leyi ,2
526,a swilo swa matilo swi lava ku hiteka      ,2
527,ni humile ,2
528,na wena ti twissi a u hi voni hina hi puzah m dswala na hidla ti nyama hita dzudza switresse discover happy by mr bow on deezer ,2
529,hina matxangana vah hi tiva hiku tsaka  ,2
530,ni lava male s,2
531,a xitimela xi ni siyile muzaia,2
532,mu xava kwini a nyama ya homu,2
533,ah wa wassate waku shonga hungh wa whettii wena,2
534,a wasati vomu taratara jurooo a wasati vomu ghenissa salo a shongaaa  vovo dele ,2
535,nisuka xokwe sweswi tani bazara ka xingangi agora,2
536,swo yini ku phfuka,2
537,teka famba o txova ,2
538,ni bom bay,2
539,ni li hinkwaxu ta xona hi mintizo ya xikwembu,2
540,historicendtimerevival celebrando o senhor mikulunguana ka yesu alilililililililili alilililililililili alilililililililili alilililililililili ,2
541,nikensa yesu  ,2
542,wa swi tivela,2
543,jeremias nguenha  la famba bixa abilio mandlaze  juro sinceramente abilio mandlaze  ulava ni ti sunga,2
544,ku phuza bem m flow,2
545,if phfukil ah ih se vona swa ku kazata mwina k,2
546,ni yingisele niri kola mocambique ka chokwe thwii,2
547,yaba buluku a fazer histria ,2
548,mingas  alirandzo mingas  mamana aniano tamele  papai se hi fikile,2
549,naminau kata na fhinavela acufamba ni ti tsaguela cubo uia xplanada,2
550,txuvuka leswi lani ,2
551,danar tsova levanta a saia,2
552,gabriel shyne feat killua  lirandzo la mina na wena ,2
553,mamana uyosala etse a tlhumala panghalato ,2
554,hello sisi ni kombela round ,2
555,and u tah swi kota,2
556,u ya kwini ,2
557,ku ta faciwa swa bom,2
558,happy birthday mo g  aku huma ni humaka quarentena wena para nita dlaya   morelife ,2
559,hi mbilo leyi yitsovekeke hibuyisa xikandarinha lexi angahisiyela madala wahina calane da silva riphitakombekisa lesvaku xahahisa minana munganu wamina wantloyi  hitaxitlatleka kutane ntlangu lowu wuvuya hi kurula akutlangiwi  ,2
560,parceiroa novas msicas hosi hi pfuni  nina xilondza mbilwini hosi xikwembo  whatsapp  ,2
561,phaphamanamunghana community weeeeeeeeeee avuxeni vanhu vamisava woza friday hlayisekani miyingiseri phaphamanamunghanalonene ahitireni hita hola male yosaseka ixigwambana kusuka la a gwambeland vana va gwambe na dzavale ,2
562,a quiet place  here hina ya famba,2
563,kulo sala ku ni tlela kanwe before ni vuyela joni,2
564,kuni guala la kuni va fana la rupi kaur,2
565,kwini wa swe tivah nah weneh swakuh ni strong,2
566,wa swi tiva brodi,2
567,ni pfhukile akuna swa ku kazata ho yini kupfhuka,2
568,wena pah  no thleka lano,2
569,pfa khenseka pfoleswo namini ni bom a xikwembo x dzi hlayisa ,2
570,nimi ingisele niri ka chokwe gaza mozambique via ,2
571,hewe thlanga u hluela,2
572,avelino mondlane  ndjombo ya lirandzo ,2
573,xikwembu ni nyike matimba,2
574,swiswi ni vona gavin a hindzela mahlweni,2
575,na khensa bra ya mina,2
576,niku yingiseli nile xokwe mozambique sesi thembzana  ,2
577,bom domingo hosi yi katekisa wena na njangu wa wena mhunti ya mona  sowetoem casa chokwe ,2
578,u bom mana tt ni yingiseli wena kola ka xokwe mozambique  ,2
579,dzipelile u kone fanhana,2
580,dzixile ohine ku pfuka ,2
581,hipfukile ingo wena,2
582,male ya machangana d,2
583,kambe ira mani risimu leri hi sungulaka awara ya  naaaaaa rini tsakisa ngopfu vakaxi va mina rixile,2
584,dzi xile va makwezo ,2
585,john legend  mina na wena,2
586,december ni tirhisi leswo tala ntaswi vona january  cidade de chokwe ,2
587,auxene moine ku pfuka,2
588,kota yasser ya ya  ,2
589,moya wa ku xwenga,2
590,la ka mina ku dyiwa ti coconut   maputo mozambique ,2
591,hi pfhukile a va tsongwana va thlanga khanimambo ho yini kupfhuka,2
592,hi pfuki bem a whana wa tlhangua akuna ku karata whina ke ,2
593,wa swi tivaaaaa,2
594,a nina male minoooo noh tivha ku kina blazes voice,2
595,loku u hi wona hiku ta hi yena hi yena yehova hi yena a loku u hi wona na hili so hi yena hi yena yehova hi yena oh hi yena yehova hi yena hi yena  ,2
596,na hanha aswina ku kazata a vatsonguana wo thlanga,2
597,u saize wa mbedo wa mina  ,2
598,rixile vahaxi va mina nimi kuma kahle nirila moz ka khubu la obrigado,2
599,timale timale hi da ni mabitch ,2
600,ni pfhukile a va tsongwana va thlanga khanimambo ,2
601,nkatangouu hinga tsama niku gwela swaku akuna munwane lwei ani tsakuisaka a mbilwini ,2
602,wa bomba mchangani ni bombisa ku kuma  vodacom ,2
603,mina se lindivarrr mina aita navhela aku teka giyane nitsakisa hi xibelane niri kola a magude ,2
604,ni pfhukile khanimambo wene ke,2
605,ni bom ho yini,2
606,thnx god mozambique shutdown tag nghenana khensa ku tlakuriwa vanhu va mozambique  moamba maputo mozambique ,2
607,ni kola ka xingange vani khome bom mas  and ku tlangeliwa birthday ,2
608,utamukuma ka sapatero,2
609,mmm swa homb ni pfhukile khanimambo,2
610,vanhu va mali ku khola   ressano boarder ,2
611,na mina nimi kuma kahle nirila moz ka khubu,2
612,malome  u ndjane,2
613,niku  ma garrafa,2
614,nile guija ni tlangela birthday ya mina ,2
615,ni bha ma fato ni ma air force,2
616,ho yini ku pfuka,2
617,mine ni waku ehhh mbilo yilava weneee ahhh my bae youre so sweet baby my bae youre so fine loko niku vona ku tsatsa tsa ninyetxela weneee ,2
618,ni pfukile va haxi nho kufumetanhana amuphungo nita kufumetanhana anhokana nitaya atirwene    ,2
619,kanimambo chikwembo xa mathimba,2
620,ya disko funk  ,2
621,a hombe khanimambo ho yini,2
622,esh na mina se ni mikuma kahle  niri khombomunimozambiquedankiiiii,2
623,yuwiiii amargou ih mine lwe yaaaa,2
624,mina nawena wena namina lovarnice utatwa kunandzika ,2
625,swa kahle swi komba rirhandzu ra ntiyiso,2
626,mina ni sati wanga jay   maputo mozambique ,2
627,alirandzo hi mintxumo xa lissima kutlula a timaka xatimale ,2
628,na hanya aswina ku kazata,2
629,leswi uswi tivaka hi mina iswi tsongo eka leswi ninga hi xi swona u thnk im an artist n im more dan dat u thnk im a government worker n im more dan dat u thnk im comedian n im more dan ,2
630,nambe mina ni pfhuki kwatse khanimambo,2
631,ku njhani  ni nghena kola chokwe,2
632,dzixilela wena mufoto ho ini hi ku pfuka ,2
633,id sing hita famba moyeni nkathanga ,2
634,matshonela yakoh mana mina mabarri yakoh mana mina mas a mpfhana wa nheketo lweyi anga guentanga ih wene ,2
635,ma sweet lady ma talil ma sweet lady ma talil mina ni be dji utomi ni funga kufa niku hanhana i will always love you ma talil,2
636,jimmy dludlu  mu tumbelelwana ,2
637,nina wena kola xokwe mozambique,2
638,np  puto jr  male ya pepa,2
639,ni yingiseli wena sesi khensi nile xokwe mozambique   ,2
640,ni pfhukile ho yini kupfhuka,2
641,h yini hosi ya ma rima,2
642,nipfukile vhahaxi niya atirweni ni ndlhula nixava amapawa dj iwamativa    ,2
643,wena wa xitiva,2
644,aloku niku im         yaba blackfriday ,2
645,ximixweni madanbveni ni usiku sikunisiku,2
646,auxene ka gaza ,2
647,dezember time   ku ta fiwa,2
648,blake me paga hahahahahahahahahahahahaha ih ,2
649,keep voning na ku xuvha ,2
650,king wa frica,2
651,na hanya akuna swa ku kazata a va tsongwana va thlanga,2
652,ni bom manji wena kueh ,2
653,nkhosi dlamini wena wekunene thank you cuz ,2
654,swinene ngopfu ni vuya matreno hina jogo mndzuku,2
655,nimu yingiseli nile chokwe mozambique vahaxi vamina va qualidade zwimbiri   ,2
656,tsemba jehova wene nwana wa xikwembu   quartadequotes,2
657,nikola ka xingangi ka nwina  ,2
658,u ta famba matilweni ,2
659,utomi nzanga za ku tsakissa pretodemoz enjoying the life em maputo mozambique ,2
660,mina nawena wena namina lovarnice utatwa kunandzika  ,2
661,tana u ta dya,2
662,re tsogile re ra wena,2
663,a nhama ni dileh a guala ni puzileh a male ni tekileh tsatsara tsara ,2
664,ni lava ku susa tosa,2
665,na hanya ni khensile ,2
666,sumo loumar  a ku titimeta nkolo,2
667,nina wena kola xokwe mozambique  uni endla yini mara dstv,2
668,akusaka ka ndlama kopitira ku collerboxparty ndani ameneyo,2
669,banani m voko assistam in loko ouep,2
670,pvtunga ni viajari wena txela nhama lanu,2
671,ayo buya anikhoma aku teka nuku nhica ,2
672,leswi ni swi vhonaka mine,2
673,wansati wa ku xonga ku tlhula wene animutive minoo,2
674,aleluia xikwembo xa matimba tlhatteka vhoko dzaku ku hina vana wakhu hi kombela a matimba yaku,2
675,wow na khensa sesi mhana rivaldo vani khome kahle hi siku ra mina,2
676,muhaxi lwiya ho hatlisela ngopfu loko a haxa hi wini wakona left or right,2
677,he uncle miri i birthday ya nwina namutlha,2
678,wa khala pah,2
679,a xa lissima ih ku ti beka hansi ,2
680,auxeneeee tek hoyineee ku phukaaa,2
681,siku ni siku,2
682,niku yingiseli nile xokwe mozambique nilo gaaaa dstv ,2
683,swa kahle leswo,2
684,ni khensile nd ntava nayena mundzuku,2
685,hi ta kunhemela le titxini ikussa ya ku randza na hina h kuxuva makhero,2
686,wayi vona manica ya nyuwani  ,2
687,usho wena neh  ,2
688,a swa lissima ih kuh tibekah hansi,2
689,hhw sesi byela va malume se vona vata hlamusela papa ku wa kuna dzovolo wa yena,2
690,ahiii loloza male ya manhembana d,2
691,niku yingiseli nile xokwe mozambique nilo geee kola hansi ka nsinya wa nkanyi dstv   ,2
692,tseka tseka uta ni kuma hi ndlhela ,2
693,definetly goats alexandre langa  rosa maria pedro langa  mamba ya malepfu hortencio langa  lirandzu,2
694,mita kateka loko va mi hlekula nwina va nge mi bihili miri vana va xikwembu tsakani hiswiswo hikuva hakelo yanwina mi tayikuma ematilweni,2
695,nihinguisela munghana lonene fm ranitsakissa ni lani maputo  zimpeto,2
696,dzixile na mi lossa va yakelani,2
697,ni bom ni yetlelile bem anhanti wena hummmm loop ,2
698,a makhessemussi nkata ni ma lua de mel hitada xikamwe ungatxavi nkata hikussa sse hi txadile,2
699,kannimambo ni tsak swi nene ,2
700,auxene va makwezu,2
701,dzixileeeeee mo hine ku phuka,2
702,khanimambo  hi yini kupfhuka,2
703,mina a ni tsama ka twitter timaka xkola  mine ani tsame  himaka   thanks ,2
704,hile ku tlangeni na vanwan  praia do bilene ,2
705,ya no xipamanine ,2
706,yehova hi murussi wa mina   marracuene ,2
707,teka famba bro ,2
708,hhw dont give up man zama ku mutsunduxa chomi ya wena uku nikombela uni tlhelisela mali ya mina,2
709,ni pfhuni ku tsova tsova tsova  gold  ,2
710,a lirandzo ih mensa ni behula vhata tshemelela inkwafswo fswaku biya ,2
711,xiluvaxangaaaa mina ni langui wene top top top  bow,2
712,moya wanga u ndzunissa hosi a moya wanga hosi hosi hosi aku ndunissa,2
713,nitafa na wena murandziwa te amo te amo nitafa na wena murandziwa te amo te amo vibes,2
714,mara buti sydney xikwembu ximu nikile ku hlamusela swilo swi nandzika wativa ingi ova kwale,2
715,hita khandziya ti bus ta anc hi mbali swi khipa swa da hiya votela eff  on the beach bilene mozambique ,2
716,dzixile ho yine ku pfuka,2
717,ni yingiseli  kola ka doroba laka chokwe    dstv niyo gee na vovo flora mathonsi,2
718,uh tah ssala va uhlolo,2
719,auxene mo yini ku pfuka acredita,2
720,ni cizi weni unga buyi ni taku ,2
721,ok a chikwembo cha swi vona,2
722,vungani ka story ko timve ,2
723,ni bom wena ke ,2
724,i nkarhi wa malamula,2
725,ku hava paito unwani handle ka mina,2
726,mi nga rivali ku happy birthday eka mina,2
727,ene swi valavula ntiyiso ,2
728,a pandza wa kho ,2
729,ni xisela wena njovo ,2
730,ni rungula my love nthabiseng mashaba ka xokwe  ka xingange niheta hi sivari vicente sambo a putfontein ,2
731,ni pfukile kwatsi ,2
732,mamana wa bebe,2
733,mawakomuito nice ih ,2
734,rirandu ari danisi loku wanuna akari akuranda naloku wansati aku randa aswisangi swi danisa ,2
735,mina nile ntirhweni la mozambique ka khubu,2
736,ina marha ya mina yi famba mahlweni hiti cup masiku lawa,2
737,ya maning ya maning ya maning,2
738,hhw zama kuti hlanganisa na yena chomi ya wena face to face unwi tsunduxa hi xikweleti dont give up,2
739,kkkklk ni kombela uni sendela ka whatsup ,2
740,u tah yi phuza impala  ,2
741,buya lenu niku dondzissa  ,2
742,pooora gramo mng de mathapa pah foooodaz patsa ni ma hanti,2
743,loko dj  momu siya yexe sikurinwe lani ka  vangarikona  na  na buti  anga swihaxa hkwaswo loyi wa dj atlhela abala nitilhoko mhaka ta mahungo,2
744,mita phaka draw ku tava lucky,2
745,awuxeni va haxi va mina va nduma mina nipfukile nho dja mpungu ni lava akuya dsundzisa aritiwa ramina nihlaula amudji watimali      ,2
746,nifile ih wena,2
747,a ku khala  ama saudade  ,2
748,auxeni madala u bom,2
749,na hanya ho yini,2
750,ni pfhukile khanimambo,2
751,ih fswona ndwena a ciku para vhaku biya dzi ta tlassa ,2
752,maningue  khanimambo u pfhukile ,2
753,ha tsovela kola chokwe mozambique ni khensa mufundisi ,2
754,na hanya aswina ku kazata khanimambo,2
755,nami hoyozela vahaxi vamina va migingiriko na tsemba swaku muyetlhele kalhe ami bedweniloko mu suka ka  tolo     ,2
756,bom tarde matxaka ya minamaputo ,2
757,ni sungulekile khale mfana  ,2
758,ka dlhiwa male,2
759,mina nitsakile swinene gingirikani munu wa tshitsha,2
760,ni ta pimissa,2
761,ni huma na marhama hey  khensa nsati wa mina wani hlayisa xem  ,2
762,niku yingiseli nile xokwe mozambique dstv,2
763,a xinkwa lexi xa le missaveni u ndzuluti we tatana hakukombela lililili,2
764,a ni guenti ,2
765,ni yingiseli wena sesi khensi na cc bongi nile xokwe mozambique dstv    ,2
766,hewa ya oxygen ,2
767,ni humule ha hombe muzandziwa  ,2
768,auxeni inlhikanili xile ku ndjani unga ni nhenhentsi ni bihile u shonguile wa nunwa a ni pfukanga kwatsi,2
769,namunthla mu ta nitwa ,2
770,mara tinsimo ta xitsonga ta tsakisa niku yingiseli nile xokwe mozambique ,2
771,rendes xikento ih ,2
772,mina ni randza wenah x mexe o esqueleto djalvinalutacontinua,2
773,hi pfukile anti wena v hanha kaya,2
774,ni rungula nsati wamina nthabiseng mashaba ka xokwe nwana mina inocente mathonsi na mamani flora mathonsi ka xokwe mozambique ,2
775,topic mina vahaxi ani hambanisi swafana na vanhu va hlonge ya mina ntsena i respect kufana na uwani,2
776,sim  teka famba,2
777,ku dliwa salada ,2
778,loko va yi rhanza cricket na,2
779,hhw boti tshama na muti wa kokwani sesi famba vukatini bya wena,2
780,nghoma ya nghena ma onha mhaka  a mosambiki va cina hinoooooo tag nghena miva rungula  moamba maputo mozambique ,2
781,hibha fotxolo khuza ku huma no lithilu ,2
782,mina na wena,2
783,mr bow  ni tafa na wena ,2
784,txuvuka dzanku logo uya wa kwela kuvuya ka wena hitaku yamukela,2
785,cinderela wa mina i love u babe ,2
786,auxene mo yini kupfuka acredita cenastardeaninam,2
787,hoyini ku pfuka,2
788,ni pulukhe no undla a vana vavano ,2
789,na hanha n scrolaranhana ni hamba nkama pra niya studio,2
790,super sweet sunday ka nsati wamina nthabiseng mashaba ka xokwe nwana mina inocente mamani flora mathonsi ka xokwe ,2
791,i rhandza mina phela kuza xi rhandza camera hi kola ka mina,2
792,ni bom a caya kwaco khe,2
793,ni randza nyama ,2
794,ah bro ya  ,2
795,wo ai ni,2
796,unga vhoni ku gwira ni tlhela ni thakula mina khata kambe akuna munwane ane lweyi tsakisaka minouu ,2
797,teka famba  bjardim ,2
798,hi pfukili bem doutor wena ke,2
799,teka famba ya man  te amo ,2
800,va galhi timbatsana kamarracuene ,2
801,wena wa tsoga yong,2
802,ya va dudamel deja la vino tinto vermo,2
803,a xikwembo a xi ku katekisse  ,2
